﻿{
  "DataAccessPostgreSqlProvider": {
    //"ConnectionString": "User ID=ftc2_dev_dba;Password=ftc2dev#2017;Host=ftc2-dev-st-uat-db.cijwcfctox11.ap-south-1.rds.amazonaws.com;Port=5432;Database=ftc-dev;Pooling=true;"
    //"ConnectionString": "User ID=ftc2_dev_dba;Password=ftc2dev#2017;Host=ftc2-dev-st-uat-db.cijwcfctox11.ap-south-1.rds.amazonaws.com;Port=5432;Database=ftc2-systest;Pooling=true;"
    //"ConnectionString": "User ID=postgres;Password=root;Host=localhost;Port=5432;Database=FTC;Pooling=true;"
    //"ConnectionString": "User ID=ftc2_dev_dba;Password=ftc2dev#2017;Host=ftc2-dev-st-uat-db.cijwcfctox11.ap-south-1.rds.amazonaws.com;Port=5432;Database=ftc2-uat;Pooling=true;"
    //"ConnectionString": "User ID=ftc2_dev_dba;Password=ftc2dev#2017;Host=ftc2-dev-st-uat-db.cijwcfctox11.ap-south-1.rds.amazonaws.com;Port=5432;Database=migration;Pooling=true;"
    //"ConnectionString": "User ID=ftc2_dev_dba;Password=ftc2dev#2017;Host=ftc2-dev-st-uat-db.cijwcfctox11.ap-south-1.rds.amazonaws.com;Port=5432;Database=ftc-load-test-29-11;Pooling=true;"
    "ConnectionString": "User ID=ftc2_uat_dba;Password=ftc2#uat2017;Host=ftc2-uat-api-rds-01.cijwcfctox11.ap-south-1.rds.amazonaws.com;Port=5432;Database=ftc2_uat;Pooling=true;"
    //"ConnectionString": "User ID=ftc2_dev_dba;Password=ftc2dev#2017;Host=ftc2-load-test-db.cijwcfctox11.ap-south-1.rds.amazonaws.com;Port=5432;Database=ftc2-loadtest-29-11-2017;Pooling=true;" //loadTest
  },

  "SmtpServer": {
    "SmtpUsername": "AKIAJESTXOOHJ4AH7E3Q",
    "SmtpPassword": "ArEpeo0oBvO5OZbdiGPfzqknCk/3EoKqo1QS/VKEw9BB",
    "Host": "email-smtp.eu-west-1.amazonaws.com",
    "Port": "465"
  },

  "Razorpay": {
    "Key": "rzp_test_T0PSRj39d2xTp1",
    "Secret": "DlBW0LGai9kWl3p1UOXcQFqp"
  },
  "twilio": {
    "enabled": "true",
    "account": "ACe2eaeebd6ce3f87325762b7e4cabdc66",
    "authkey": "6efc04da8ea3b2d1580e50583ced3ef9",
    "sender": "+15104661951"
  },
  "SmsSettings": {
    "Sid": "ACe2eaeebd6ce3f87325762b7e4cabdc66",
    "Token": "6efc04da8ea3b2d1580e50583ced3ef9",
    "BaseUri": "https://api.twilio.com",
    "RequestUri": "/2010-04-01/Accounts/ACe2eaeebd6ce3f87325762b7e4cabdc66/Messages.json",
    "From": "+15104661951"
  },
  "Logging": {
    "IncludeScopes": false,
    "LogLevel": {
      "Default": "Debug",
      "System": "Information",
      "Microsoft": "Information"
    }
  },
  "Serilog": {
    "MinimumLevel": "Debug",
    "WriteTo": [
      /*        { "Name": "ColoredConsole" },
        {
          "Name": "Seq",
          "Args": { "serverUrl": "http://localhost:5341" }
        }
        */
      {
        "Name": "RollingFile",
        "Args": {
          "pathFormat": "Logs/LogFileConf-{Date}-test.Log"
        },
        "fileSizeLimitBytes": 1024
      }
    ],
    "Enrich": [ "FromLogContext", "WithMachineName", "WithThreadId" ],
    "Properties": {
      "Application": "Sample",
      "Environment": "Test"
    }
  },

  "Notification": {
    "isEmailEnabled": true,
    "isSmsEnabled": true,
    "MessageBodyPrefix": ""
  },

  "InitialUID": 101,

  "DomainUrl": "http://ace7q5uat.fthecouch.com/portal",

  "AutoCompleteCityUrl": "http://gd.geobytes.com/AutoCompleteCity?callback=?&filter={0}&q={1}",

  "CityDetailsUrl": "http://gd.geobytes.com/GetCityDetails?callback=?&fqcn={0}",


  "CollaboratorURL": "/collaborator/",

  "IconsUrl": "https://d11whfso5d8a0y.cloudfront.net/icons/",

  "MediaFiles": {
    "BasePath": ""
  },
  "S3Details": {
    "BaseUrl": "https://d2pp5qaqq10rf4.cloudfront.net",
    "BaseUrl-User": "https://d3sqq1v6a4fszy.cloudfront.net",
    "BaseUrl-Contest": "https://d2vvzzdwo3joom.cloudfront.net",
    "BucketName": "ftc-uat-videos",
    "BucketName-Contest": "ftc-contest-uat",
    "BucketName-User": "ftc-uat-users"
  },
  "Folder": {
    "Contest": "contest/",
    "AuxiliaryUser": "auxiliaryuser/",
    "Talent": "talent/",
    "Project": "project/",
    "ProjectJob": "job/",
    "OnlineRound": "onlineround_",
    "Job": "job/",
    "Audition": "audition/"

  }
}